NAICS_SECTOR,INSTRUMENT_ID,ANSWER_ID,ESTIMATE_PERCENTAGE,SE
-,2,1,  30.2%,  0.20%
-,2,2,  44.6%,  0.24%
-,2,3,  18.5%,  0.22%
-,2,4,   5.0%,  0.16%
-,2,5,   1.7%,  0.05%
-,3,1,   6.2%,  0.16%
-,3,2,   2.5%,  0.11%
-,3,3,   3.6%,  0.11%
-,3,4,  10.2%,  0.44%
-,3,5,  19.5%,  0.22%
-,3,6,  19.1%,  0.30%
-,3,7,   9.8%,  0.20%
-,3,8,  12.0%,  0.24%
-,3,9,   9.9%,  0.22%
-,3,10,   7.3%,  0.12%
-,4,1,   8.4%,  0.23%
-,4,2,  29.9%,  0.42%
-,4,3,  61.7%,  0.38%
-,5,1,   0.9%,  0.07%
-,5,2,   1.8%,  0.08%
-,5,3,   1.4%,  0.05%
-,5,4,  95.9%,  0.10%
-,6,1,   6.2%,  0.22%
-,6,2,   9.6%,  0.17%
-,6,3,  84.3%,  0.29%
-,7,1,   4.2%,  0.14%
-,7,2,  40.1%,  0.31%
-,7,3,  55.6%,  0.32%
-,8,1,   6.6%,  0.15%
-,8,2,  14.5%,  0.30%
-,8,3,  78.9%,  0.31%
-,9,1,   2.6%,  0.10%
-,9,2,   3.0%,  0.17%
-,9,3,  40.7%,  0.32%
-,9,4,  53.8%,  0.27%
-,10,1,  27.6%,  0.16%
-,10,2,   9.0%,  0.16%
-,10,3,  11.5%,  0.27%
-,10,4,   3.4%,  0.13%
-,10,5,   8.5%,  0.19%
-,10,6,  16.6%,  0.21%
-,10,7,  64.4%,  0.22%
-,11,1,   7.2%,  0.18%
-,11,2,  10.9%,  0.14%
-,11,3,   2.6%,  0.11%
-,11,4,   9.4%,  0.22%
-,11,5,  18.5%,  0.35%
-,11,6,   5.9%,  0.18%
-,11,7,  12.6%,  0.24%
-,11,8,  62.5%,  0.34%
-,12,1,   1.4%,  0.08%
-,12,2,   6.5%,  0.17%
-,12,3,  41.4%,  0.31%
-,12,4,  33.3%,  0.35%
-,12,5,  17.4%,  0.27%
-,13,1,   5.2%,  0.16%
-,13,2,   8.7%,  0.22%
-,13,3,  14.6%,  0.17%
-,13,4,  26.3%,  0.28%
-,13,5,  26.9%,  0.31%
-,13,6,   3.9%,  0.10%
-,13,7,  14.5%,  0.21%
-,14,1,   3.0%,  0.11%
-,14,2,  97.0%,  0.11%
-,15,1,   9.8%,  0.16%
-,15,2,  90.2%,  0.16%
-,16,1,  73.6%,  0.45%
-,16,2,  24.7%,  0.39%
-,16,3,  14.2%,  0.21%
-,16,4,   0.8%,  0.06%
-,16,5,   1.3%,  0.09%
-,16,6,   3.3%,  0.15%
-,16,7,   0.5%,  0.03%
-,16,8,   1.9%,  0.09%
-,16,9,   6.5%,  0.14%
-,16,10,   6.0%,  0.17%
-,16,11,  11.1%,  0.40%
-,16,12,   3.7%,  0.13%
-,16,13,   3.2%,  0.09%
-,16,14,  19.5%,  0.35%
-,17,1,  72.4%,  0.47%
-,17,2,  21.3%,  0.41%
-,17,3,   8.9%,  0.20%
-,17,4,   0.3%,  0.04%
-,17,5,   1.1%,  0.09%
-,17,6,   3.1%,  0.11%
-,17,7,   0.4%,  0.03%
-,17,8,   2.5%,  0.11%
-,17,9,  23.3%,  0.39%
-,18,1,  24.3%,  0.25%
-,18,2,  30.4%,  0.44%
-,18,3,  45.4%,  0.43%
-,19,1,  23.3%,  0.31%
-,19,2,  12.6%,  0.27%
-,19,3,  13.1%,  0.39%
-,19,4,  32.0%,  0.40%
-,19,5,  14.5%,  0.22%
-,19,6,  22.7%,  0.29%
-,19,7,   4.8%,  0.09%
-,19,8,  37.2%,  0.34%
-,20,1,   0.7%,  0.07%
-,20,2,   3.7%,  0.14%
-,20,3,  13.7%,  0.41%
-,20,4,  44.7%,  0.48%
-,20,5,   7.3%,  0.24%
-,20,6,   1.6%,  0.09%
-,20,7,  16.8%,  0.22%
-,20,8,  11.7%,  0.26%
21 ,2,1,  43.9%,  4.27%
21 ,2,2,  39.1%,  2.69%
21 ,2,3,  14.6%,  2.67%
21 ,2,4,   2.5%,  1.04%
21 ,3,1,   8.6%,  2.59%
21 ,3,3,   3.4%,  1.30%
21 ,3,4,  10.1%,  3.35%
21 ,3,5,  21.5%,  3.06%
21 ,3,6,  13.6%,  1.57%
21 ,3,7,   8.8%,  2.94%
21 ,3,8,  16.7%,  2.80%
21 ,3,9,  10.1%,  1.99%
21 ,3,10,   6.8%,  1.81%
21 ,4,1,   6.3%,  1.56%
21 ,4,2,  31.6%,  2.84%
21 ,4,3,  62.0%,  3.16%
21 ,5,2,   1.6%,  0.82%
21 ,5,3,   3.1%,  1.49%
21 ,5,4,  94.9%,  1.16%
21 ,6,1,   4.1%,  1.55%
21 ,6,2,  14.6%,  3.18%
21 ,6,3,  81.3%,  3.39%
21 ,7,1,   1.4%,  0.72%
21 ,7,2,  44.7%,  4.00%
21 ,7,3,  53.9%,  4.01%
21 ,8,1,   3.4%,  1.28%
21 ,8,2,  20.2%,  3.56%
21 ,8,3,  76.4%,  3.20%
21 ,9,2,   2.6%,  1.42%
21 ,9,3,  33.1%,  2.94%
21 ,9,4,  62.9%,  3.50%
21 ,10,1,  13.2%,  2.69%
21 ,10,2,   3.4%,  1.23%
21 ,10,3,   7.1%,  1.37%
21 ,10,4,   1.8%,  1.20%
21 ,10,5,   7.7%,  2.26%
21 ,10,6,   7.2%,  1.50%
21 ,10,7,  80.7%,  3.10%
21 ,11,1,   8.3%,  1.16%
21 ,11,2,   8.6%,  1.93%
21 ,11,3,   2.4%,  1.10%
21 ,11,4,   6.6%,  2.23%
21 ,11,5,   9.7%,  2.27%
21 ,11,6,   2.6%,  1.44%
21 ,11,7,   7.8%,  1.54%
21 ,11,8,  76.6%,  2.64%
21 ,12,1,   1.7%,  0.91%
21 ,12,2,   2.3%,  1.13%
21 ,12,3,  35.9%,  3.86%
21 ,12,4,  27.8%,  2.87%
21 ,12,5,  32.2%,  4.08%
21 ,13,1,   6.9%,  1.66%
21 ,13,2,   6.2%,  2.08%
21 ,13,3,  16.1%,  2.76%
21 ,13,4,  23.4%,  1.83%
21 ,13,5,  26.8%,  3.25%
21 ,13,6,   5.7%,  1.52%
21 ,13,7,  15.0%,  2.41%
21 ,14,1,   2.6%,  0.96%
21 ,14,2,  97.4%,  0.96%
21 ,15,1,   7.0%,  1.67%
21 ,15,2,  93.0%,  1.67%
21 ,16,1,  72.5%,  5.42%
21 ,16,2,  14.4%,  3.35%
21 ,16,3,   8.7%,  2.48%
21 ,16,4,   2.3%,  1.31%
21 ,16,5,   2.6%,  1.38%
21 ,16,6,   3.5%,  1.31%
21 ,16,9,   6.1%,  1.94%
21 ,16,10,   9.6%,  2.38%
21 ,16,11,  10.0%,  2.69%
21 ,16,12,   3.9%,  1.44%
21 ,16,13,   3.3%,  1.98%
21 ,16,14,  24.2%,  3.82%
21 ,17,1,  72.5%,  4.89%
21 ,17,2,   9.5%,  2.52%
21 ,17,3,   4.3%,  1.79%
21 ,17,5,   3.0%,  1.60%
21 ,17,6,   2.6%,  1.11%
21 ,17,9,  26.3%,  5.08%
21 ,18,1,   7.0%,  2.10%
21 ,18,2,  16.8%,  3.32%
21 ,18,3,  76.2%,  4.50%
21 ,19,1,  31.1%,  1.61%
21 ,19,2,   6.6%,  1.50%
21 ,19,3,   4.9%,  1.58%
21 ,19,4,  19.0%,  3.39%
21 ,19,5,   5.2%,  2.21%
21 ,19,6,  19.4%,  2.60%
21 ,19,7,   7.0%,  1.02%
21 ,19,8,  45.7%,  3.07%
21 ,20,2,   2.2%,  1.73%
21 ,20,3,   7.1%,  1.22%
21 ,20,4,  52.3%,  4.56%
21 ,20,5,  12.2%,  2.62%
21 ,20,6,   2.4%,  1.08%
21 ,20,7,  15.0%,  2.53%
21 ,20,8,   8.8%,  2.36%
22 ,2,1,   4.9%,  2.45%
22 ,2,2,  27.4%,  8.66%
22 ,2,3,  64.5%,  6.33%
22 ,3,4,  10.1%,  3.66%
22 ,3,5,  20.5%,  2.80%
22 ,3,6,  13.6%,  4.17%
22 ,3,7,   9.7%,  3.86%
22 ,3,8,   6.9%,  3.04%
22 ,3,9,  16.3%,  2.85%
22 ,3,10,  14.4%,  3.63%
22 ,4,2,   7.8%,  2.71%
22 ,4,3,  92.2%,  2.71%
22 ,5,4,  97.8%,  1.58%
22 ,6,3,  98.4%,  1.60%
22 ,7,2,  12.3%,  3.62%
22 ,7,3,  87.7%,  3.62%
22 ,8,3,  98.7%,  1.25%
22 ,9,3,  42.6%,  6.80%
22 ,9,4,  57.4%,  6.80%
22 ,10,1,  19.3%,  4.84%
22 ,10,3,   6.3%,  2.87%
22 ,10,6,   9.7%,  4.04%
22 ,10,7,  80.7%,  4.84%
22 ,11,2,   4.1%,  2.04%
22 ,11,4,   4.5%,  2.15%
22 ,11,5,   3.1%,  2.18%
22 ,11,6,   4.4%,  2.02%
22 ,11,7,   6.0%,  4.23%
22 ,11,8,  86.1%,  3.83%
22 ,12,3,  81.6%,  6.32%
22 ,12,4,  13.3%,  5.53%
22 ,13,3,  14.8%,  4.45%
22 ,13,4,  18.4%,  5.19%
22 ,13,5,  40.7%,  4.36%
22 ,13,7,  21.5%,  3.05%
22 ,14,2,  98.6%,  1.36%
22 ,15,2,  98.4%,  1.58%
22 ,16,1,  31.8%,  4.75%
22 ,16,2,   4.9%,  2.21%
22 ,16,6,   2.8%,  1.56%
22 ,16,14,  63.4%,  5.15%
22 ,17,1,  31.8%,  4.75%
22 ,17,2,   4.9%,  2.21%
22 ,17,6,   2.8%,  1.56%
22 ,17,9,  64.8%,  4.91%
22 ,18,1,  14.2%,  4.19%
22 ,18,2,  22.7%,  4.07%
22 ,18,3,  63.1%,  5.40%
22 ,19,1,   5.5%,  3.66%
22 ,19,2,   7.0%,  2.69%
22 ,19,3,   4.4%,  2.16%
22 ,19,4,   6.0%,  2.06%
22 ,19,5,   7.1%,  2.92%
22 ,19,6,   9.0%,  2.53%
22 ,19,8,  76.3%,  7.11%
22 ,20,3,  14.0%,  8.13%
22 ,20,4,   7.3%,  2.15%
22 ,20,7,  58.5%,  7.51%
22 ,20,8,  17.6%,  4.64%
23 ,2,1,  15.5%,  0.55%
23 ,2,2,  50.7%,  1.00%
23 ,2,3,  28.6%,  1.21%
23 ,2,4,   4.0%,  0.47%
23 ,2,5,   1.2%,  0.20%
23 ,3,1,   4.4%,  0.54%
23 ,3,2,   1.9%,  0.36%
23 ,3,3,   3.9%,  0.33%
23 ,3,4,   9.7%,  0.52%
23 ,3,5,  15.6%,  0.80%
23 ,3,6,  14.0%,  0.75%
23 ,3,7,   7.2%,  0.65%
23 ,3,8,  13.8%,  0.62%
23 ,3,9,  19.4%,  1.34%
23 ,3,10,  10.2%,  0.67%
23 ,4,1,   7.0%,  0.48%
23 ,4,2,  23.3%,  1.02%
23 ,4,3,  69.7%,  1.06%
23 ,5,1,   0.2%,  0.09%
23 ,5,2,   1.1%,  0.21%
23 ,5,3,   0.7%,  0.22%
23 ,5,4,  97.9%,  0.26%
23 ,6,1,   7.2%,  0.74%
23 ,6,2,  12.0%,  0.84%
23 ,6,3,  80.9%,  0.78%
23 ,7,1,   3.9%,  0.49%
23 ,7,2,  39.2%,  1.22%
23 ,7,3,  57.0%,  1.26%
23 ,8,1,   6.8%,  0.56%
23 ,8,2,  16.4%,  1.14%
23 ,8,3,  76.9%,  0.98%
23 ,9,1,   2.1%,  0.29%
23 ,9,2,   2.6%,  0.45%
23 ,9,3,  34.7%,  1.30%
23 ,9,4,  60.7%,  1.60%
23 ,10,1,  38.7%,  0.90%
23 ,10,2,   9.3%,  0.81%
23 ,10,3,  16.4%,  0.97%
23 ,10,4,   4.3%,  0.65%
23 ,10,5,  15.5%,  1.20%
23 ,10,6,  21.8%,  1.31%
23 ,10,7,  52.9%,  1.07%
23 ,11,1,   5.5%,  0.45%
23 ,11,2,   8.9%,  0.58%
23 ,11,3,   1.6%,  0.22%
23 ,11,4,   7.1%,  0.62%
23 ,11,5,   8.0%,  0.77%
23 ,11,6,   4.9%,  0.44%
23 ,11,7,  19.1%,  1.25%
23 ,11,8,  66.0%,  1.26%
23 ,12,1,   1.3%,  0.27%
23 ,12,2,   6.3%,  0.69%
23 ,12,3,  50.2%,  0.70%
23 ,12,4,  31.3%,  1.01%
23 ,12,5,  10.8%,  0.58%
23 ,13,1,   6.4%,  0.63%
23 ,13,2,  10.6%,  0.41%
23 ,13,3,  16.3%,  0.78%
23 ,13,4,  22.8%,  1.41%
23 ,13,5,  22.7%,  1.04%
23 ,13,6,   4.0%,  0.50%
23 ,13,7,  17.2%,  0.95%
23 ,14,1,   2.2%,  0.33%
23 ,14,2,  97.8%,  0.33%
23 ,15,1,   6.4%,  0.31%
23 ,15,2,  93.6%,  0.31%
23 ,16,1,  71.5%,  1.36%
23 ,16,2,  15.6%,  1.03%
23 ,16,3,  13.1%,  0.66%
23 ,16,4,   0.3%,  0.15%
23 ,16,5,   1.3%,  0.24%
23 ,16,6,   4.1%,  0.37%
23 ,16,8,   0.5%,  0.12%
23 ,16,9,   2.7%,  0.18%
23 ,16,10,   5.7%,  0.52%
23 ,16,11,   7.8%,  0.85%
23 ,16,12,   2.5%,  0.40%
23 ,16,13,   1.8%,  0.39%
23 ,16,14,  21.5%,  1.05%
23 ,17,1,  70.3%,  1.44%
23 ,17,2,  13.8%,  1.14%
23 ,17,3,   8.0%,  0.51%
23 ,17,5,   1.2%,  0.32%
23 ,17,6,   3.9%,  0.36%
23 ,17,7,   0.2%,  0.15%
23 ,17,8,   0.7%,  0.16%
23 ,17,9,  25.9%,  1.43%
23 ,18,1,   8.9%,  0.53%
23 ,18,2,  28.3%,  0.63%
23 ,18,3,  62.7%,  0.97%
23 ,19,1,  15.9%,  0.75%
23 ,19,2,  15.8%,  1.08%
23 ,19,3,   4.7%,  0.28%
23 ,19,4,  20.3%,  1.04%
23 ,19,5,  10.2%,  1.04%
23 ,19,6,  23.1%,  0.96%
23 ,19,7,   2.9%,  0.42%
23 ,19,8,  46.1%,  1.55%
23 ,20,1,   0.7%,  0.23%
23 ,20,2,   4.0%,  0.54%
23 ,20,3,  12.3%,  0.99%
23 ,20,4,  33.6%,  1.35%
23 ,20,5,   5.5%,  0.73%
23 ,20,6,   0.7%,  0.27%
23 ,20,7,  26.3%,  0.94%
23 ,20,8,  16.9%,  0.68%
31 ,2,1,  27.8%,  0.57%
31 ,2,2,  48.2%,  0.80%
31 ,2,3,  17.3%,  0.58%
31 ,2,4,   5.4%,  0.46%
31 ,2,5,   1.3%,  0.20%
31 ,3,1,   2.8%,  0.34%
31 ,3,2,   1.2%,  0.20%
31 ,3,3,   1.5%,  0.29%
31 ,3,4,   4.4%,  0.41%
31 ,3,5,  15.2%,  0.82%
31 ,3,6,  17.5%,  0.69%
31 ,3,7,  11.6%,  1.05%
31 ,3,8,  19.7%,  0.86%
31 ,3,9,  20.5%,  0.98%
31 ,3,10,   5.6%,  0.63%
31 ,4,1,  10.4%,  0.57%
31 ,4,2,  29.8%,  1.39%
31 ,4,3,  59.8%,  1.14%
31 ,5,2,   1.0%,  0.23%
31 ,5,3,   0.9%,  0.21%
31 ,5,4,  98.0%,  0.37%
31 ,6,1,   8.9%,  0.33%
31 ,6,2,  10.6%,  0.89%
31 ,6,3,  80.5%,  0.87%
31 ,7,1,   4.3%,  0.65%
31 ,7,2,  41.9%,  1.12%
31 ,7,3,  53.8%,  1.38%
31 ,8,1,  10.9%,  0.64%
31 ,8,2,  16.1%,  0.97%
31 ,8,3,  73.0%,  1.15%
31 ,9,1,   1.7%,  0.30%
31 ,9,2,   1.9%,  0.32%
31 ,9,3,  34.9%,  1.04%
31 ,9,4,  61.5%,  0.77%
31 ,10,1,  38.3%,  1.10%
31 ,10,2,  14.4%,  0.76%
31 ,10,3,  15.3%,  0.75%
31 ,10,4,   4.0%,  0.50%
31 ,10,5,  22.3%,  0.61%
31 ,10,6,  28.5%,  1.11%
31 ,10,7,  49.6%,  1.19%
31 ,11,1,   9.8%,  0.76%
31 ,11,2,  12.5%,  0.73%
31 ,11,3,   1.9%,  0.31%
31 ,11,4,   6.9%,  0.45%
31 ,11,5,   7.8%,  0.45%
31 ,11,6,   3.3%,  0.35%
31 ,11,7,  18.2%,  0.72%
31 ,11,8,  62.2%,  0.90%
31 ,12,1,   2.7%,  0.41%
31 ,12,2,   8.5%,  0.47%
31 ,12,3,  43.3%,  0.79%
31 ,12,4,  32.8%,  1.08%
31 ,12,5,  12.8%,  0.64%
31 ,13,1,   5.1%,  0.48%
31 ,13,2,  10.0%,  0.53%
31 ,13,3,  15.5%,  0.58%
31 ,13,4,  25.5%,  0.86%
31 ,13,5,  26.9%,  1.23%
31 ,13,6,   2.4%,  0.40%
31 ,13,7,  14.6%,  0.61%
31 ,14,1,   2.8%,  0.24%
31 ,14,2,  97.2%,  0.24%
31 ,15,1,   8.4%,  0.41%
31 ,15,2,  91.6%,  0.41%
31 ,16,1,  81.5%,  1.00%
31 ,16,2,  19.4%,  0.94%
31 ,16,3,  13.4%,  0.79%
31 ,16,4,   0.8%,  0.29%
31 ,16,5,   2.1%,  0.21%
31 ,16,6,   6.8%,  0.50%
31 ,16,7,   0.6%,  0.15%
31 ,16,8,   0.7%,  0.21%
31 ,16,9,   5.2%,  0.57%
31 ,16,10,   6.4%,  0.40%
31 ,16,11,   8.3%,  0.70%
31 ,16,12,   2.9%,  0.29%
31 ,16,13,   2.6%,  0.23%
31 ,16,14,  13.9%,  0.90%
31 ,17,1,  80.5%,  0.92%
31 ,17,2,  16.7%,  0.85%
31 ,17,3,   8.4%,  0.66%
31 ,17,4,   0.3%,  0.11%
31 ,17,5,   1.9%,  0.20%
31 ,17,6,   6.5%,  0.53%
31 ,17,7,   0.3%,  0.10%
31 ,17,8,   0.7%,  0.20%
31 ,17,9,  16.6%,  0.79%
31 ,18,1,  18.2%,  0.70%
31 ,18,2,  40.2%,  1.04%
31 ,18,3,  41.6%,  1.17%
31 ,19,1,  23.7%,  0.92%
31 ,19,2,  22.7%,  0.83%
31 ,19,3,  15.8%,  0.63%
31 ,19,4,  40.1%,  1.03%
31 ,19,5,  11.2%,  0.91%
31 ,19,6,  28.7%,  0.73%
31 ,19,7,   3.7%,  0.38%
31 ,19,8,  31.5%,  0.92%
31 ,20,1,   0.9%,  0.23%
31 ,20,2,   4.1%,  0.44%
31 ,20,3,  16.3%,  0.97%
31 ,20,4,  43.2%,  0.85%
31 ,20,5,   5.7%,  0.31%
31 ,20,6,   1.2%,  0.30%
31 ,20,7,  16.5%,  0.95%
31 ,20,8,  12.1%,  0.91%
42 ,2,1,  32.3%,  0.83%
42 ,2,2,  44.2%,  0.60%
42 ,2,3,  15.8%,  0.58%
42 ,2,4,   5.9%,  0.24%
42 ,2,5,   1.8%,  0.16%
42 ,3,1,   4.8%,  0.28%
42 ,3,2,   3.1%,  0.18%
42 ,3,3,   3.7%,  0.39%
42 ,3,4,   9.1%,  0.36%
42 ,3,5,  17.6%,  0.83%
42 ,3,6,  15.1%,  0.60%
42 ,3,7,   9.8%,  0.46%
42 ,3,8,  13.9%,  0.42%
42 ,3,9,  16.1%,  0.51%
42 ,3,10,   7.0%,  0.38%
42 ,4,1,   9.9%,  0.44%
42 ,4,2,  32.2%,  0.48%
42 ,4,3,  57.9%,  0.74%
42 ,5,1,   0.8%,  0.26%
42 ,5,2,   0.9%,  0.13%
42 ,5,3,   1.3%,  0.19%
42 ,5,4,  97.0%,  0.32%
42 ,6,1,   4.0%,  0.23%
42 ,6,2,   6.3%,  0.29%
42 ,6,3,  89.7%,  0.39%
42 ,7,1,   2.9%,  0.30%
42 ,7,2,  35.0%,  0.59%
42 ,7,3,  62.1%,  0.75%
42 ,8,1,   4.8%,  0.38%
42 ,8,2,  10.3%,  0.47%
42 ,8,3,  85.0%,  0.59%
42 ,9,1,   2.2%,  0.19%
42 ,9,2,   3.1%,  0.32%
42 ,9,3,  52.4%,  0.59%
42 ,9,4,  42.3%,  0.67%
42 ,10,1,  33.5%,  1.15%
42 ,10,2,  24.5%,  0.57%
42 ,10,3,  13.7%,  0.81%
42 ,10,4,   6.9%,  0.37%
42 ,10,5,  11.8%,  0.30%
42 ,10,6,  36.0%,  0.88%
42 ,10,7,  45.7%,  1.38%
42 ,11,1,   4.9%,  0.29%
42 ,11,2,   7.5%,  0.43%
42 ,11,3,   3.6%,  0.23%
42 ,11,4,   6.4%,  0.46%
42 ,11,5,  12.0%,  0.54%
42 ,11,6,   3.3%,  0.29%
42 ,11,7,  14.7%,  0.65%
42 ,11,8,  69.0%,  0.86%
42 ,12,1,   1.6%,  0.18%
42 ,12,2,   6.5%,  0.41%
42 ,12,3,  45.4%,  0.63%
42 ,12,4,  30.1%,  0.54%
42 ,12,5,  16.4%,  0.48%
42 ,13,1,   4.8%,  0.34%
42 ,13,2,   8.9%,  0.55%
42 ,13,3,  13.7%,  0.64%
42 ,13,4,  24.2%,  0.68%
42 ,13,5,  28.7%,  0.64%
42 ,13,6,   4.2%,  0.29%
42 ,13,7,  15.6%,  0.43%
42 ,14,1,   2.4%,  0.22%
42 ,14,2,  97.6%,  0.22%
42 ,15,1,   9.1%,  0.50%
42 ,15,2,  90.9%,  0.50%
42 ,16,1,  69.9%,  0.50%
42 ,16,2,  19.5%,  0.74%
42 ,16,3,  12.0%,  0.75%
42 ,16,4,   0.5%,  0.08%
42 ,16,5,   0.6%,  0.10%
42 ,16,6,   1.6%,  0.24%
42 ,16,7,   0.3%,  0.10%
42 ,16,8,   0.7%,  0.09%
42 ,16,9,   3.3%,  0.28%
42 ,16,10,   6.2%,  0.35%
42 ,16,11,  11.5%,  0.53%
42 ,16,12,   3.7%,  0.33%
42 ,16,13,   2.3%,  0.14%
42 ,16,14,  22.8%,  0.51%
42 ,17,1,  68.1%,  0.48%
42 ,17,2,  17.3%,  0.83%
42 ,17,3,   8.1%,  0.47%
42 ,17,4,   0.2%,  0.05%
42 ,17,5,   0.6%,  0.12%
42 ,17,6,   1.7%,  0.31%
42 ,17,7,   0.2%,  0.07%
42 ,17,8,   0.7%,  0.11%
42 ,17,9,  27.6%,  0.55%
42 ,18,1,  22.4%,  0.47%
42 ,18,2,  36.4%,  0.54%
42 ,18,3,  41.2%,  0.68%
42 ,19,1,  24.3%,  0.91%
42 ,19,2,  21.6%,  0.57%
42 ,19,3,  20.4%,  0.67%
42 ,19,4,  44.3%,  0.90%
42 ,19,5,   9.0%,  0.33%
42 ,19,6,  15.0%,  0.44%
42 ,19,7,   5.0%,  0.36%
42 ,19,8,  32.6%,  0.97%
42 ,20,1,   0.5%,  0.08%
42 ,20,2,   3.8%,  0.25%
42 ,20,3,  14.8%,  0.48%
42 ,20,4,  47.8%,  0.39%
42 ,20,5,   7.9%,  0.46%
42 ,20,6,   1.7%,  0.21%
42 ,20,7,  14.4%,  0.37%
42 ,20,8,   9.0%,  0.37%
44 ,2,1,  25.2%,  0.63%
44 ,2,2,  40.4%,  0.95%
44 ,2,3,  16.6%,  0.63%
44 ,2,4,  12.7%,  0.95%
44 ,2,5,   5.0%,  0.31%
44 ,3,1,   3.9%,  0.39%
44 ,3,2,   1.2%,  0.29%
44 ,3,3,   2.3%,  0.37%
44 ,3,4,   6.3%,  0.51%
44 ,3,5,  17.6%,  0.74%
44 ,3,6,  19.6%,  0.68%
44 ,3,7,  11.3%,  0.54%
44 ,3,8,  16.8%,  0.69%
44 ,3,9,  13.5%,  0.56%
44 ,3,10,   7.3%,  0.67%
44 ,4,1,  10.7%,  0.59%
44 ,4,2,  34.5%,  0.69%
44 ,4,3,  54.8%,  0.76%
44 ,5,1,   0.5%,  0.20%
44 ,5,2,   1.2%,  0.20%
44 ,5,3,   1.7%,  0.30%
44 ,5,4,  96.7%,  0.33%
44 ,6,1,   6.3%,  0.32%
44 ,6,2,   7.8%,  0.67%
44 ,6,3,  85.9%,  0.70%
44 ,7,1,   2.9%,  0.18%
44 ,7,2,  40.7%,  0.73%
44 ,7,3,  56.5%,  0.76%
44 ,8,1,   6.3%,  0.37%
44 ,8,2,  11.3%,  0.59%
44 ,8,3,  82.4%,  0.69%
44 ,9,1,   1.2%,  0.33%
44 ,9,2,   1.7%,  0.12%
44 ,9,3,  28.6%,  1.10%
44 ,9,4,  68.4%,  1.07%
44 ,10,1,  50.9%,  0.93%
44 ,10,2,  21.5%,  0.99%
44 ,10,3,  19.7%,  1.09%
44 ,10,4,   7.7%,  0.51%
44 ,10,5,  11.7%,  0.64%
44 ,10,6,  32.6%,  0.89%
44 ,10,7,  38.9%,  1.20%
44 ,11,1,   6.4%,  0.45%
44 ,11,2,  10.1%,  0.52%
44 ,11,3,   1.4%,  0.35%
44 ,11,4,   8.2%,  0.81%
44 ,11,5,  16.9%,  0.83%
44 ,11,6,   4.4%,  0.61%
44 ,11,7,  20.2%,  0.86%
44 ,11,8,  60.4%,  0.98%
44 ,12,1,   2.1%,  0.38%
44 ,12,2,  11.1%,  0.75%
44 ,12,3,  43.3%,  0.50%
44 ,12,4,  31.7%,  1.10%
44 ,12,5,  11.8%,  0.85%
44 ,13,1,   6.4%,  0.65%
44 ,13,2,  10.8%,  0.93%
44 ,13,3,  16.1%,  0.88%
44 ,13,4,  25.2%,  0.70%
44 ,13,5,  21.8%,  1.06%
44 ,13,6,   3.4%,  0.57%
44 ,13,7,  16.2%,  0.47%
44 ,14,1,   2.7%,  0.40%
44 ,14,2,  97.3%,  0.40%
44 ,15,1,   9.1%,  0.64%
44 ,15,2,  90.9%,  0.64%
44 ,16,1,  75.9%,  0.87%
44 ,16,2,  26.2%,  1.18%
44 ,16,3,  16.1%,  0.80%
44 ,16,4,   1.0%,  0.24%
44 ,16,5,   0.5%,  0.15%
44 ,16,6,   2.9%,  0.46%
44 ,16,7,   0.3%,  0.12%
44 ,16,8,   1.3%,  0.13%
44 ,16,9,   7.0%,  0.39%
44 ,16,10,   4.6%,  0.47%
44 ,16,11,   9.9%,  0.79%
44 ,16,12,   3.1%,  0.45%
44 ,16,13,   2.9%,  0.40%
44 ,16,14,  16.6%,  0.65%
44 ,17,1,  74.5%,  0.95%
44 ,17,2,  23.2%,  1.20%
44 ,17,3,  10.6%,  0.65%
44 ,17,4,   0.3%,  0.12%
44 ,17,5,   0.5%,  0.17%
44 ,17,6,   2.6%,  0.34%
44 ,17,7,   0.2%,  0.08%
44 ,17,8,   1.4%,  0.20%
44 ,17,9,  20.9%,  0.85%
44 ,18,1,  30.7%,  0.84%
44 ,18,2,  32.2%,  1.04%
44 ,18,3,  37.0%,  1.07%
44 ,19,1,  20.9%,  1.00%
44 ,19,2,  22.5%,  1.07%
44 ,19,3,  23.1%,  0.76%
44 ,19,4,  37.8%,  1.00%
44 ,19,5,  14.6%,  1.00%
44 ,19,6,  24.3%,  0.82%
44 ,19,7,   4.4%,  0.53%
44 ,19,8,  32.4%,  1.08%
44 ,20,1,   0.9%,  0.19%
44 ,20,2,   3.3%,  0.39%
44 ,20,3,  12.6%,  0.57%
44 ,20,4,  41.0%,  1.40%
44 ,20,5,   8.9%,  0.68%
44 ,20,6,   1.8%,  0.32%
44 ,20,7,  15.7%,  0.98%
44 ,20,8,  15.7%,  0.63%
48 ,2,1,  34.1%,  1.62%
48 ,2,2,  39.8%,  2.10%
48 ,2,3,  20.1%,  1.27%
48 ,2,4,   4.5%,  0.84%
48 ,2,5,   1.5%,  0.39%
48 ,3,1,   8.3%,  0.61%
48 ,3,2,   2.6%,  0.49%
48 ,3,3,   5.3%,  0.93%
48 ,3,4,  12.7%,  1.05%
48 ,3,5,  18.4%,  1.10%
48 ,3,6,  15.1%,  1.26%
48 ,3,7,   8.3%,  0.85%
48 ,3,8,  11.2%,  1.42%
48 ,3,9,   8.4%,  0.91%
48 ,3,10,   9.7%,  1.07%
48 ,4,1,   7.5%,  1.02%
48 ,4,2,  27.6%,  1.55%
48 ,4,3,  64.9%,  1.68%
48 ,5,1,   0.5%,  0.15%
48 ,5,2,   2.0%,  0.39%
48 ,5,3,   1.6%,  0.58%
48 ,5,4,  95.9%,  0.47%
48 ,6,1,   4.6%,  0.49%
48 ,6,2,  11.4%,  0.70%
48 ,6,3,  84.0%,  0.81%
48 ,7,1,   3.3%,  0.57%
48 ,7,2,  39.8%,  1.24%
48 ,7,3,  56.9%,  1.01%
48 ,8,1,   6.7%,  0.86%
48 ,8,2,  15.7%,  0.75%
48 ,8,3,  77.5%,  1.09%
48 ,9,1,   1.9%,  0.50%
48 ,9,2,   2.1%,  0.40%
48 ,9,3,  34.7%,  1.23%
48 ,9,4,  61.2%,  1.05%
48 ,10,1,  12.3%,  1.05%
48 ,10,2,   5.1%,  0.89%
48 ,10,3,   5.6%,  0.90%
48 ,10,4,   1.7%,  0.43%
48 ,10,5,   3.6%,  0.55%
48 ,10,6,  15.7%,  1.28%
48 ,10,7,  75.8%,  1.57%
48 ,11,1,   6.9%,  0.67%
48 ,11,2,  11.8%,  0.81%
48 ,11,3,   2.9%,  0.71%
48 ,11,4,   5.6%,  0.61%
48 ,11,5,   8.5%,  0.93%
48 ,11,6,   4.1%,  0.68%
48 ,11,7,   8.5%,  1.04%
48 ,11,8,  72.8%,  1.48%
48 ,12,1,   1.7%,  0.53%
48 ,12,2,   8.8%,  1.04%
48 ,12,3,  39.3%,  1.76%
48 ,12,4,  27.9%,  1.74%
48 ,12,5,  22.4%,  1.73%
48 ,13,1,   6.9%,  0.53%
48 ,13,2,  12.1%,  1.06%
48 ,13,3,  16.1%,  0.78%
48 ,13,4,  22.3%,  1.31%
48 ,13,5,  17.9%,  1.02%
48 ,13,6,   6.7%,  0.80%
48 ,13,7,  18.1%,  1.46%
48 ,14,1,   5.1%,  0.69%
48 ,14,2,  94.9%,  0.69%
48 ,15,1,  10.5%,  1.22%
48 ,15,2,  89.5%,  1.22%
48 ,16,1,  69.3%,  1.90%
48 ,16,2,  23.6%,  1.14%
48 ,16,3,  15.8%,  0.87%
48 ,16,4,   0.6%,  0.25%
48 ,16,5,   0.6%,  0.22%
48 ,16,6,   1.8%,  0.30%
48 ,16,8,   1.3%,  0.44%
48 ,16,9,   4.4%,  0.70%
48 ,16,10,   8.5%,  0.82%
48 ,16,11,  11.2%,  1.21%
48 ,16,12,   4.4%,  0.61%
48 ,16,13,   2.5%,  0.81%
48 ,16,14,  20.8%,  1.45%
48 ,17,1,  68.0%,  1.65%
48 ,17,2,  20.3%,  1.37%
48 ,17,3,  10.2%,  0.99%
48 ,17,4,   0.4%,  0.23%
48 ,17,5,   0.8%,  0.20%
48 ,17,6,   1.9%,  0.29%
48 ,17,8,   1.1%,  0.33%
48 ,17,9,  26.2%,  1.72%
48 ,18,1,   7.5%,  1.15%
48 ,18,2,  29.5%,  1.45%
48 ,18,3,  63.0%,  1.20%
48 ,19,1,  26.3%,  1.42%
48 ,19,2,   7.0%,  0.75%
48 ,19,3,   4.0%,  0.74%
48 ,19,4,  23.4%,  1.34%
48 ,19,5,   9.9%,  1.12%
48 ,19,6,  23.2%,  1.33%
48 ,19,7,   7.0%,  1.06%
48 ,19,8,  42.1%,  1.55%
48 ,20,1,   0.7%,  0.29%
48 ,20,2,   3.7%,  0.42%
48 ,20,3,  12.2%,  1.07%
48 ,20,4,  40.5%,  2.04%
48 ,20,5,  10.4%,  1.10%
48 ,20,6,   2.0%,  0.27%
48 ,20,7,  17.1%,  1.76%
48 ,20,8,  13.5%,  0.98%
51 ,2,1,  31.3%,  1.80%
51 ,2,2,  44.1%,  2.69%
51 ,2,3,  19.4%,  1.61%
51 ,2,4,   4.2%,  0.66%
51 ,2,5,   1.0%,  0.41%
51 ,3,1,   8.7%,  1.07%
51 ,3,2,   5.8%,  1.41%
51 ,3,3,   4.3%,  1.17%
51 ,3,4,  16.2%,  1.80%
51 ,3,5,  19.3%,  1.82%
51 ,3,6,  13.6%,  1.58%
51 ,3,7,   7.1%,  1.03%
51 ,3,8,   9.4%,  1.06%
51 ,3,9,   9.4%,  1.23%
51 ,3,10,   6.1%,  1.54%
51 ,4,1,   8.9%,  1.35%
51 ,4,2,  22.8%,  1.64%
51 ,4,3,  68.3%,  1.36%
51 ,5,2,   1.2%,  0.33%
51 ,5,3,   1.5%,  0.65%
51 ,5,4,  97.2%,  0.81%
51 ,6,1,   6.9%,  0.92%
51 ,6,2,   7.4%,  1.64%
51 ,6,3,  85.6%,  1.55%
51 ,7,1,   2.1%,  0.81%
51 ,7,2,  32.2%,  2.57%
51 ,7,3,  65.7%,  2.73%
51 ,8,1,   5.0%,  0.66%
51 ,8,2,   9.2%,  1.32%
51 ,8,3,  85.7%,  1.31%
51 ,9,1,   4.6%,  1.06%
51 ,9,2,   2.8%,  0.78%
51 ,9,3,  73.0%,  1.99%
51 ,9,4,  19.6%,  1.96%
51 ,10,1,  14.0%,  1.38%
51 ,10,2,   5.5%,  1.01%
51 ,10,3,   4.0%,  0.94%
51 ,10,4,   1.0%,  0.50%
51 ,10,5,   8.6%,  1.06%
51 ,10,6,  13.0%,  0.59%
51 ,10,7,  74.9%,  2.07%
51 ,11,1,   4.7%,  0.55%
51 ,11,2,   6.1%,  1.16%
51 ,11,3,   4.4%,  0.84%
51 ,11,4,  10.2%,  1.74%
51 ,11,5,  14.4%,  2.00%
51 ,11,6,   1.4%,  0.46%
51 ,11,7,   8.8%,  1.26%
51 ,11,8,  70.3%,  1.34%
51 ,12,1,   1.2%,  0.36%
51 ,12,2,   5.7%,  0.69%
51 ,12,3,  44.6%,  1.82%
51 ,12,4,  31.1%,  1.47%
51 ,12,5,  17.3%,  1.09%
51 ,13,1,   3.7%,  0.86%
51 ,13,2,   6.4%,  0.81%
51 ,13,3,  12.1%,  1.78%
51 ,13,4,  25.6%,  1.69%
51 ,13,5,  33.6%,  1.34%
51 ,13,6,   4.2%,  0.95%
51 ,13,7,  14.4%,  1.72%
51 ,14,1,   1.6%,  0.42%
51 ,14,2,  98.4%,  0.42%
51 ,15,1,   8.8%,  1.27%
51 ,15,2,  91.2%,  1.27%
51 ,16,1,  62.1%,  3.22%
51 ,16,2,  18.1%,  1.66%
51 ,16,3,  10.5%,  1.22%
51 ,16,4,   0.9%,  0.27%
51 ,16,5,   2.1%,  0.64%
51 ,16,6,   1.5%,  0.47%
51 ,16,8,   0.8%,  0.45%
51 ,16,9,   6.0%,  0.99%
51 ,16,10,   6.1%,  1.02%
51 ,16,11,   7.8%,  1.37%
51 ,16,12,   2.8%,  0.67%
51 ,16,13,   5.1%,  1.04%
51 ,16,14,  30.6%,  2.86%
51 ,17,1,  61.2%,  3.30%
51 ,17,2,  15.3%,  1.51%
51 ,17,3,   5.7%,  0.60%
51 ,17,5,   2.4%,  0.48%
51 ,17,6,   1.5%,  0.53%
51 ,17,8,   1.2%,  0.49%
51 ,17,9,  34.6%,  3.31%
51 ,18,1,  35.3%,  1.82%
51 ,18,2,  44.7%,  1.59%
51 ,18,3,  19.9%,  1.75%
51 ,19,1,  26.6%,  1.28%
51 ,19,2,   9.8%,  0.93%
51 ,19,3,  20.9%,  1.19%
51 ,19,4,  41.6%,  1.91%
51 ,19,5,  11.5%,  1.37%
51 ,19,6,  20.4%,  1.32%
51 ,19,7,   5.3%,  0.88%
51 ,19,8,  33.5%,  2.89%
51 ,20,1,   0.7%,  0.27%
51 ,20,2,   3.0%,  0.98%
51 ,20,3,  12.5%,  1.29%
51 ,20,4,  48.6%,  1.68%
51 ,20,5,   7.9%,  0.91%
51 ,20,6,   0.9%,  0.50%
51 ,20,7,  19.8%,  1.69%
51 ,20,8,   6.6%,  1.00%
52 ,2,1,  13.7%,  0.86%
52 ,2,2,  48.1%,  1.30%
52 ,2,3,  32.8%,  1.59%
52 ,2,4,   3.6%,  0.50%
52 ,2,5,   1.8%,  0.31%
52 ,3,1,   6.4%,  0.54%
52 ,3,2,   3.6%,  0.50%
52 ,3,3,   4.9%,  0.42%
52 ,3,4,  13.2%,  1.84%
52 ,3,5,  22.6%,  1.03%
52 ,3,6,  15.8%,  1.16%
52 ,3,7,   7.9%,  0.77%
52 ,3,8,   8.5%,  1.00%
52 ,3,9,   7.6%,  0.60%
52 ,3,10,   9.5%,  0.85%
52 ,4,1,   6.1%,  0.48%
52 ,4,2,  20.5%,  1.43%
52 ,4,3,  73.5%,  1.60%
52 ,5,2,   1.3%,  0.23%
52 ,5,3,   1.2%,  0.28%
52 ,5,4,  97.4%,  0.36%
52 ,6,1,   4.2%,  0.65%
52 ,6,2,   4.1%,  0.54%
52 ,6,3,  91.7%,  0.76%
52 ,7,1,   0.5%,  0.19%
52 ,7,2,  20.6%,  1.34%
52 ,7,3,  78.8%,  1.29%
52 ,8,1,   3.0%,  0.34%
52 ,8,2,   6.8%,  0.53%
52 ,8,3,  90.2%,  0.48%
52 ,9,1,   4.4%,  0.54%
52 ,9,2,   3.2%,  0.40%
52 ,9,3,  64.1%,  1.66%
52 ,9,4,  28.3%,  1.45%
52 ,10,1,   5.2%,  0.68%
52 ,10,2,   1.4%,  0.33%
52 ,10,3,   2.4%,  0.50%
52 ,10,4,   0.7%,  0.29%
52 ,10,5,   3.4%,  0.60%
52 ,10,6,   5.2%,  0.59%
52 ,10,7,  89.7%,  0.88%
52 ,11,1,   2.1%,  0.41%
52 ,11,2,   5.6%,  0.64%
52 ,11,3,   5.3%,  0.87%
52 ,11,4,   7.4%,  0.98%
52 ,11,5,  14.8%,  1.26%
52 ,11,6,   1.8%,  0.41%
52 ,11,7,   3.4%,  0.38%
52 ,11,8,  76.4%,  1.69%
52 ,12,1,   1.2%,  0.28%
52 ,12,2,   4.8%,  0.33%
52 ,12,3,  62.2%,  1.33%
52 ,12,4,  25.6%,  1.59%
52 ,12,5,   6.1%,  0.45%
52 ,13,1,   2.3%,  0.34%
52 ,13,2,   5.2%,  0.59%
52 ,13,3,  11.6%,  0.48%
52 ,13,4,  24.1%,  0.78%
52 ,13,5,  40.7%,  1.06%
52 ,13,6,   2.5%,  0.46%
52 ,13,7,  13.5%,  0.83%
52 ,14,1,   0.5%,  0.19%
52 ,14,2,  99.5%,  0.19%
52 ,15,1,   3.6%,  0.48%
52 ,15,2,  96.4%,  0.48%
52 ,16,1,  53.2%,  1.24%
52 ,16,2,  11.4%,  0.81%
52 ,16,3,   6.7%,  0.87%
52 ,16,4,   0.4%,  0.22%
52 ,16,5,   0.7%,  0.19%
52 ,16,6,   1.0%,  0.24%
52 ,16,7,   0.4%,  0.13%
52 ,16,8,   0.3%,  0.14%
52 ,16,9,   1.7%,  0.35%
52 ,16,10,   3.0%,  0.45%
52 ,16,11,   8.6%,  0.70%
52 ,16,12,   1.7%,  0.42%
52 ,16,13,   1.6%,  0.40%
52 ,16,14,  38.7%,  1.45%
52 ,17,1,  51.7%,  1.32%
52 ,17,2,   9.6%,  0.67%
52 ,17,3,   3.7%,  0.58%
52 ,17,5,   0.7%,  0.13%
52 ,17,6,   1.0%,  0.26%
52 ,17,7,   0.2%,  0.11%
52 ,17,8,   0.7%,  0.30%
52 ,17,9,  44.2%,  1.44%
52 ,18,1,  35.2%,  1.45%
52 ,18,2,  32.1%,  1.71%
52 ,18,3,  32.7%,  1.34%
52 ,19,1,  12.6%,  0.97%
52 ,19,2,   2.5%,  0.48%
52 ,19,3,  13.8%,  0.85%
52 ,19,4,  31.4%,  0.85%
52 ,19,5,  12.4%,  0.68%
52 ,19,6,  14.6%,  0.99%
52 ,19,7,   2.5%,  0.47%
52 ,19,8,  50.1%,  1.25%
52 ,20,1,   1.0%,  0.33%
52 ,20,2,   3.6%,  0.42%
52 ,20,3,  12.7%,  0.96%
52 ,20,4,  35.5%,  1.87%
52 ,20,5,   5.2%,  0.88%
52 ,20,6,   0.8%,  0.20%
52 ,20,7,  29.8%,  1.70%
52 ,20,8,  11.5%,  0.92%
53 ,2,1,  22.6%,  1.30%
53 ,2,2,  41.3%,  1.10%
53 ,2,3,  29.4%,  1.67%
53 ,2,4,   5.2%,  0.45%
53 ,2,5,   1.5%,  0.28%
53 ,3,1,   9.5%,  0.76%
53 ,3,2,   3.5%,  0.36%
53 ,3,3,   5.7%,  0.51%
53 ,3,4,  14.7%,  0.85%
53 ,3,5,  21.5%,  1.53%
53 ,3,6,  14.2%,  1.45%
53 ,3,7,   6.9%,  0.65%
53 ,3,8,   9.1%,  0.67%
53 ,3,9,   6.4%,  0.78%
53 ,3,10,   8.6%,  0.80%
53 ,4,1,   7.9%,  0.85%
53 ,4,2,  23.2%,  0.84%
53 ,4,3,  68.9%,  1.14%
53 ,5,1,   0.5%,  0.19%
53 ,5,2,   1.7%,  0.43%
53 ,5,3,   2.3%,  0.37%
53 ,5,4,  95.5%,  0.63%
53 ,6,1,   3.8%,  0.53%
53 ,6,2,   6.6%,  0.49%
53 ,6,3,  89.6%,  0.79%
53 ,7,1,   2.5%,  0.35%
53 ,7,2,  26.7%,  1.49%
53 ,7,3,  70.8%,  1.67%
53 ,8,1,   3.6%,  0.53%
53 ,8,2,  10.3%,  0.61%
53 ,8,3,  86.1%,  0.81%
53 ,9,1,   2.5%,  0.49%
53 ,9,2,   3.8%,  0.62%
53 ,9,3,  50.7%,  1.60%
53 ,9,4,  43.0%,  1.41%
53 ,10,1,  12.0%,  1.00%
53 ,10,2,   4.0%,  0.74%
53 ,10,3,   5.3%,  0.65%
53 ,10,4,   1.3%,  0.41%
53 ,10,5,   4.4%,  0.74%
53 ,10,6,   7.4%,  0.97%
53 ,10,7,  83.0%,  1.56%
53 ,11,1,   3.2%,  0.66%
53 ,11,2,   6.5%,  0.77%
53 ,11,3,   3.1%,  0.40%
53 ,11,4,   6.7%,  0.72%
53 ,11,5,  11.6%,  0.91%
53 ,11,6,   3.5%,  0.64%
53 ,11,7,   7.7%,  0.83%
53 ,11,8,  75.8%,  1.43%
53 ,12,1,   1.0%,  0.24%
53 ,12,2,   4.9%,  0.56%
53 ,12,3,  59.1%,  1.31%
53 ,12,4,  24.1%,  1.32%
53 ,12,5,  11.0%,  1.02%
53 ,13,1,   3.3%,  0.49%
53 ,13,2,   4.3%,  0.72%
53 ,13,3,  10.7%,  1.15%
53 ,13,4,  25.5%,  1.85%
53 ,13,5,  36.0%,  1.60%
53 ,13,6,   3.4%,  0.79%
53 ,13,7,  16.7%,  1.12%
53 ,14,1,   2.2%,  0.54%
53 ,14,2,  97.8%,  0.54%
53 ,15,1,   7.0%,  0.81%
53 ,15,2,  93.0%,  0.81%
53 ,16,1,  58.4%,  1.57%
53 ,16,2,  14.6%,  1.76%
53 ,16,3,   9.9%,  1.19%
53 ,16,5,   1.4%,  0.41%
53 ,16,6,   1.6%,  0.19%
53 ,16,7,   0.4%,  0.21%
53 ,16,8,   0.8%,  0.43%
53 ,16,9,   2.9%,  0.41%
53 ,16,10,   4.3%,  0.67%
53 ,16,11,   7.5%,  0.96%
53 ,16,12,   3.0%,  0.62%
53 ,16,13,   2.0%,  0.50%
53 ,16,14,  34.3%,  1.52%
53 ,17,1,  57.3%,  1.43%
53 ,17,2,  12.4%,  1.72%
53 ,17,3,   6.2%,  1.01%
53 ,17,5,   1.2%,  0.35%
53 ,17,6,   2.1%,  0.21%
53 ,17,8,   1.2%,  0.46%
53 ,17,9,  38.2%,  1.47%
53 ,18,1,  23.4%,  1.00%
53 ,18,2,  33.9%,  1.52%
53 ,18,3,  42.7%,  1.97%
53 ,19,1,  15.9%,  1.09%
53 ,19,2,   5.3%,  0.69%
53 ,19,3,   9.7%,  1.12%
53 ,19,4,  27.0%,  1.30%
53 ,19,5,  10.7%,  0.87%
53 ,19,6,  11.2%,  0.99%
53 ,19,7,   3.7%,  0.68%
53 ,19,8,  53.3%,  1.79%
53 ,20,1,   0.5%,  0.19%
53 ,20,2,   3.7%,  0.59%
53 ,20,3,  12.5%,  0.82%
53 ,20,4,  37.4%,  1.71%
53 ,20,5,   5.0%,  0.52%
53 ,20,6,   2.6%,  0.60%
53 ,20,7,  24.1%,  2.10%
53 ,20,8,  14.1%,  1.99%
54 ,2,1,  22.1%,  0.54%
54 ,2,2,  49.9%,  0.86%
54 ,2,3,  22.1%,  0.60%
54 ,2,4,   4.8%,  0.30%
54 ,2,5,   1.0%,  0.16%
54 ,3,1,   7.6%,  0.58%
54 ,3,2,   3.1%,  0.23%
54 ,3,3,   4.7%,  0.39%
54 ,3,4,  11.6%,  0.56%
54 ,3,5,  17.4%,  0.61%
54 ,3,6,  16.1%,  0.72%
54 ,3,7,   9.9%,  0.46%
54 ,3,8,  13.0%,  0.67%
54 ,3,9,   9.3%,  0.54%
54 ,3,10,   7.3%,  0.32%
54 ,4,1,   6.6%,  0.38%
54 ,4,2,  23.5%,  0.85%
54 ,4,3,  69.9%,  0.60%
54 ,5,1,   0.2%,  0.08%
54 ,5,2,   1.4%,  0.20%
54 ,5,3,   1.3%,  0.20%
54 ,5,4,  97.1%,  0.27%
54 ,6,1,   5.3%,  0.62%
54 ,6,2,   6.6%,  0.21%
54 ,6,3,  88.0%,  0.68%
54 ,7,1,   1.9%,  0.21%
54 ,7,2,  29.6%,  0.42%
54 ,7,3,  68.5%,  0.43%
54 ,8,1,   5.7%,  0.44%
54 ,8,2,  11.0%,  0.29%
54 ,8,3,  83.4%,  0.51%
54 ,9,1,   5.0%,  0.33%
54 ,9,2,   5.2%,  0.31%
54 ,9,3,  67.2%,  0.81%
54 ,9,4,  22.6%,  0.74%
54 ,10,1,  13.5%,  0.47%
54 ,10,2,   4.2%,  0.40%
54 ,10,3,   4.4%,  0.27%
54 ,10,4,   1.2%,  0.18%
54 ,10,5,   5.7%,  0.26%
54 ,10,6,   9.8%,  0.35%
54 ,10,7,  79.8%,  0.36%
54 ,11,1,   4.4%,  0.30%
54 ,11,2,   5.8%,  0.49%
54 ,11,3,   5.0%,  0.36%
54 ,11,4,   8.7%,  0.46%
54 ,11,5,  13.1%,  0.39%
54 ,11,6,   2.7%,  0.19%
54 ,11,7,   6.5%,  0.38%
54 ,11,8,  73.6%,  0.50%
54 ,12,1,   1.2%,  0.24%
54 ,12,2,   7.7%,  0.49%
54 ,12,3,  48.9%,  1.06%
54 ,12,4,  29.5%,  0.84%
54 ,12,5,  12.7%,  0.28%
54 ,13,1,   3.5%,  0.22%
54 ,13,2,   5.9%,  0.61%
54 ,13,3,  12.7%,  0.41%
54 ,13,4,  29.8%,  0.66%
54 ,13,5,  33.7%,  0.58%
54 ,13,6,   2.9%,  0.26%
54 ,13,7,  11.5%,  0.51%
54 ,14,1,   1.7%,  0.36%
54 ,14,2,  98.3%,  0.36%
54 ,15,1,   6.7%,  0.44%
54 ,15,2,  93.3%,  0.44%
54 ,16,1,  70.0%,  0.51%
54 ,16,2,  17.8%,  0.49%
54 ,16,3,   8.9%,  0.28%
54 ,16,4,   0.6%,  0.10%
54 ,16,5,   1.3%,  0.16%
54 ,16,6,   2.6%,  0.36%
54 ,16,7,   0.5%,  0.12%
54 ,16,8,   0.6%,  0.13%
54 ,16,9,   3.6%,  0.19%
54 ,16,10,   4.9%,  0.26%
54 ,16,11,  10.2%,  0.30%
54 ,16,12,   2.9%,  0.19%
54 ,16,13,   2.5%,  0.26%
54 ,16,14,  24.1%,  0.58%
54 ,17,1,  69.1%,  0.67%
54 ,17,2,  14.9%,  0.50%
54 ,17,3,   5.2%,  0.24%
54 ,17,4,   0.2%,  0.08%
54 ,17,5,   1.2%,  0.20%
54 ,17,6,   2.5%,  0.35%
54 ,17,7,   0.3%,  0.11%
54 ,17,8,   0.9%,  0.18%
54 ,17,9,  27.4%,  0.69%
54 ,18,1,  30.3%,  0.74%
54 ,18,2,  31.8%,  0.94%
54 ,18,3,  37.9%,  0.86%
54 ,19,1,  21.1%,  0.47%
54 ,19,2,   6.5%,  0.31%
54 ,19,3,  13.4%,  0.86%
54 ,19,4,  35.6%,  0.64%
54 ,19,5,  14.0%,  0.81%
54 ,19,6,  22.0%,  0.53%
54 ,19,7,   4.7%,  0.30%
54 ,19,8,  38.6%,  0.93%
54 ,20,1,   0.7%,  0.16%
54 ,20,2,   3.9%,  0.29%
54 ,20,3,  14.1%,  0.46%
54 ,20,4,  43.0%,  0.66%
54 ,20,5,   5.8%,  0.39%
54 ,20,6,   1.0%,  0.15%
54 ,20,7,  21.0%,  0.70%
54 ,20,8,  10.5%,  0.54%
55 ,2,2,  51.0%, 12.22%
55 ,2,3,  37.4%, 10.40%
55 ,3,1,  27.5%, 18.59%
55 ,3,4,  15.2%,  8.64%
55 ,3,6,  12.4%,  8.32%
55 ,3,9,  17.0%,  7.68%
55 ,4,2,  19.5%,  8.57%
55 ,4,3,  77.9%,  7.72%
55 ,5,4,  97.5%,  2.61%
55 ,6,3,  92.2%,  3.16%
55 ,7,2,   9.3%,  6.81%
55 ,7,3,  90.7%,  6.81%
55 ,8,2,  17.3%,  9.39%
55 ,8,3,  82.7%,  9.39%
55 ,9,3,  58.6%,  9.19%
55 ,9,4,  38.9%,  9.28%
55 ,10,7,  90.7%,  6.88%
55 ,11,8,  70.0%, 19.13%
55 ,12,3,  81.3%,  7.81%
55 ,12,4,  11.7%,  5.35%
55 ,13,3,   9.6%,  4.60%
55 ,13,4,  19.2%, 10.15%
55 ,13,5,  36.7%, 11.94%
55 ,13,7,  20.5%, 13.57%
55 ,14,2,  97.5%,  2.61%
55 ,15,2,  97.5%,  2.61%
55 ,16,1,  39.2%, 10.95%
55 ,16,2,  11.8%,  6.72%
55 ,16,14,  52.8%,  8.44%
55 ,17,1,  39.2%, 10.95%
55 ,17,2,  11.8%,  6.72%
55 ,17,9,  60.8%, 10.95%
55 ,18,1,  13.5%,  7.71%
55 ,18,2,  12.4%,  9.60%
55 ,18,3,  74.2%, 11.22%
55 ,19,1,   8.8%,  5.03%
55 ,19,4,  14.2%,  6.17%
55 ,19,5,  15.8%,  9.81%
55 ,19,6,  13.3%,  5.18%
55 ,19,8,  65.1%,  9.40%
55 ,20,4,  28.7%,  7.83%
55 ,20,7,  37.7%, 11.72%
55 ,20,8,  18.4%,  7.12%
56 ,2,1,  27.7%,  1.06%
56 ,2,2,  42.1%,  1.46%
56 ,2,3,  23.2%,  0.85%
56 ,2,4,   5.7%,  0.93%
56 ,2,5,   1.3%,  0.43%
56 ,3,1,   7.6%,  0.83%
56 ,3,2,   2.9%,  0.59%
56 ,3,3,   2.8%,  0.43%
56 ,3,4,   9.1%,  0.59%
56 ,3,5,  19.2%,  0.89%
56 ,3,6,  19.9%,  1.09%
56 ,3,7,   9.6%,  0.91%
56 ,3,8,  12.9%,  1.36%
56 ,3,9,   7.1%,  0.89%
56 ,3,10,   8.8%,  0.85%
56 ,4,1,   7.0%,  1.00%
56 ,4,2,  29.3%,  1.32%
56 ,4,3,  63.8%,  1.94%
56 ,5,1,   0.6%,  0.21%
56 ,5,2,   1.7%,  0.56%
56 ,5,3,   2.4%,  0.49%
56 ,5,4,  95.2%,  0.77%
56 ,6,1,   7.4%,  0.43%
56 ,6,2,  12.5%,  0.58%
56 ,6,3,  80.1%,  0.58%
56 ,7,1,   4.8%,  0.91%
56 ,7,2,  36.2%,  1.03%
56 ,7,3,  59.0%,  1.09%
56 ,8,1,   8.4%,  0.75%
56 ,8,2,  16.1%,  0.88%
56 ,8,3,  75.5%,  1.39%
56 ,9,1,   3.4%,  0.71%
56 ,9,2,   3.2%,  0.60%
56 ,9,3,  40.0%,  1.55%
56 ,9,4,  53.4%,  1.99%
56 ,10,1,  21.9%,  0.97%
56 ,10,2,   5.5%,  0.71%
56 ,10,3,   8.6%,  1.08%
56 ,10,4,   2.1%,  0.43%
56 ,10,5,   5.4%,  0.82%
56 ,10,6,  12.3%,  1.04%
56 ,10,7,  71.3%,  1.72%
56 ,11,1,   8.8%,  0.56%
56 ,11,2,  14.4%,  1.22%
56 ,11,3,   2.0%,  0.35%
56 ,11,4,   7.4%,  0.94%
56 ,11,5,  10.7%,  0.95%
56 ,11,6,   6.1%,  0.78%
56 ,11,7,  10.1%,  1.21%
56 ,11,8,  65.9%,  1.56%
56 ,12,1,   1.2%,  0.32%
56 ,12,2,   8.4%,  0.65%
56 ,12,3,  44.8%,  1.41%
56 ,12,4,  31.2%,  1.37%
56 ,12,5,  14.4%,  1.04%
56 ,13,1,   4.9%,  0.85%
56 ,13,2,  10.3%,  0.68%
56 ,13,3,  15.6%,  0.81%
56 ,13,4,  25.3%,  1.74%
56 ,13,5,  23.7%,  1.54%
56 ,13,6,   5.1%,  0.47%
56 ,13,7,  15.1%,  0.65%
56 ,14,1,   3.0%,  0.40%
56 ,14,2,  97.0%,  0.40%
56 ,15,1,   6.5%,  0.81%
56 ,15,2,  93.5%,  0.81%
56 ,16,1,  70.9%,  1.36%
56 ,16,2,  22.5%,  1.86%
56 ,16,3,  11.3%,  1.04%
56 ,16,4,   1.0%,  0.29%
56 ,16,5,   1.4%,  0.33%
56 ,16,6,   3.5%,  0.47%
56 ,16,8,   0.6%,  0.24%
56 ,16,9,   4.0%,  0.57%
56 ,16,10,   5.5%,  0.71%
56 ,16,11,  10.8%,  0.69%
56 ,16,12,   3.8%,  0.24%
56 ,16,13,   2.0%,  0.42%
56 ,16,14,  21.1%,  1.41%
56 ,17,1,  70.0%,  1.34%
56 ,17,2,  19.5%,  1.51%
56 ,17,3,   7.0%,  0.86%
56 ,17,5,   1.0%,  0.20%
56 ,17,6,   3.8%,  0.38%
56 ,17,8,   1.0%,  0.24%
56 ,17,9,  25.9%,  1.57%
56 ,18,1,  16.8%,  1.61%
56 ,18,2,  33.2%,  1.88%
56 ,18,3,  50.0%,  1.73%
56 ,19,1,  21.5%,  1.41%
56 ,19,2,  10.5%,  1.04%
56 ,19,3,   9.5%,  0.96%
56 ,19,4,  28.9%,  1.24%
56 ,19,5,  12.7%,  0.52%
56 ,19,6,  30.5%,  1.33%
56 ,19,7,   5.3%,  0.46%
56 ,19,8,  37.6%,  1.32%
56 ,20,1,   0.6%,  0.19%
56 ,20,2,   3.3%,  0.48%
56 ,20,3,  12.7%,  0.76%
56 ,20,4,  41.7%,  1.04%
56 ,20,5,   5.0%,  0.94%
56 ,20,6,   1.8%,  0.37%
56 ,20,7,  21.5%,  1.15%
56 ,20,8,  13.5%,  1.19%
61 ,2,1,  56.3%,  1.69%
61 ,2,2,  36.3%,  1.34%
61 ,2,3,   4.0%,  0.88%
61 ,2,4,   1.6%,  0.63%
61 ,2,5,   1.8%,  0.64%
61 ,3,1,   8.0%,  1.00%
61 ,3,2,   8.1%,  1.61%
61 ,3,3,   7.9%,  1.43%
61 ,3,4,  17.9%,  2.03%
61 ,3,5,  27.1%,  2.25%
61 ,3,6,  14.5%,  2.16%
61 ,3,7,   4.8%,  1.11%
61 ,3,8,   5.4%,  0.96%
61 ,3,9,   2.7%,  0.64%
61 ,3,10,   3.7%,  0.64%
61 ,4,1,  10.0%,  1.14%
61 ,4,2,  29.7%,  2.96%
61 ,4,3,  60.4%,  3.19%
61 ,5,1,   4.6%,  0.79%
61 ,5,2,   6.2%,  1.14%
61 ,5,3,   3.1%,  0.64%
61 ,5,4,  86.1%,  1.47%
61 ,6,1,   9.1%,  1.52%
61 ,6,2,  11.4%,  1.01%
61 ,6,3,  79.5%,  1.58%
61 ,7,1,   8.7%,  1.25%
61 ,7,2,  47.6%,  1.58%
61 ,7,3,  43.7%,  1.78%
61 ,8,1,  10.3%,  1.91%
61 ,8,2,  17.8%,  1.48%
61 ,8,3,  71.9%,  2.85%
61 ,9,1,   6.4%,  1.45%
61 ,9,2,   5.1%,  1.18%
61 ,9,3,  51.8%,  3.30%
61 ,9,4,  36.7%,  2.01%
61 ,10,1,   9.5%,  1.28%
61 ,10,2,   2.6%,  0.59%
61 ,10,3,   3.7%,  0.69%
61 ,10,4,   1.1%,  0.55%
61 ,10,5,   2.7%,  0.84%
61 ,10,6,   5.8%,  1.43%
61 ,10,7,  85.9%,  1.99%
61 ,11,1,   8.9%,  2.08%
61 ,11,2,  10.0%,  1.26%
61 ,11,3,   5.6%,  1.46%
61 ,11,4,  17.6%,  1.64%
61 ,11,5,  45.0%,  2.43%
61 ,11,6,   6.6%,  1.03%
61 ,11,7,   8.5%,  1.24%
61 ,11,8,  42.7%,  2.40%
61 ,12,1,   1.7%,  0.51%
61 ,12,2,   3.1%,  1.49%
61 ,12,3,  17.8%,  1.94%
61 ,12,4,  37.6%,  1.85%
61 ,12,5,  39.9%,  1.01%
61 ,13,1,   2.4%,  0.48%
61 ,13,2,   5.4%,  1.45%
61 ,13,3,  10.3%,  1.44%
61 ,13,4,  29.5%,  1.68%
61 ,13,5,  38.1%,  1.41%
61 ,13,6,   5.7%,  1.08%
61 ,13,7,   8.7%,  1.14%
61 ,14,1,   3.5%,  0.91%
61 ,14,2,  96.5%,  0.91%
61 ,15,1,  13.5%,  1.82%
61 ,15,2,  86.5%,  1.82%
61 ,16,1,  77.2%,  2.69%
61 ,16,2,  32.4%,  1.01%
61 ,16,3,  16.9%,  2.37%
61 ,16,4,   0.9%,  0.47%
61 ,16,6,   2.3%,  0.80%
61 ,16,8,   1.6%,  0.63%
61 ,16,9,  14.6%,  2.26%
61 ,16,10,   5.4%,  1.03%
61 ,16,11,  13.4%,  1.97%
61 ,16,12,   8.3%,  1.65%
61 ,16,13,   6.0%,  1.52%
61 ,16,14,  15.0%,  2.04%
61 ,17,1,  77.2%,  2.49%
61 ,17,2,  28.0%,  1.56%
61 ,17,3,  10.3%,  1.62%
61 ,17,6,   1.8%,  0.77%
61 ,17,8,   2.2%,  0.51%
61 ,17,9,  19.6%,  2.61%
61 ,18,1,  63.5%,  2.30%
61 ,18,2,  19.2%,  2.04%
61 ,18,3,  17.3%,  1.48%
61 ,19,1,  35.2%,  2.68%
61 ,19,2,   3.2%,  0.60%
61 ,19,3,  22.0%,  1.81%
61 ,19,4,  40.6%,  3.09%
61 ,19,5,  23.5%,  2.56%
61 ,19,6,  19.7%,  2.62%
61 ,19,7,   8.2%,  0.77%
61 ,19,8,  23.2%,  2.09%
61 ,20,2,   1.7%,  0.54%
61 ,20,3,   8.9%,  1.27%
61 ,20,4,  67.8%,  2.26%
61 ,20,5,  10.9%,  1.29%
61 ,20,6,   2.7%,  0.85%
61 ,20,7,   4.7%,  1.07%
61 ,20,8,   3.3%,  0.74%
62 ,2,1,  31.7%,  1.09%
62 ,2,2,  56.2%,  0.91%
62 ,2,3,   9.1%,  0.68%
62 ,2,4,   2.3%,  0.19%
62 ,2,5,   0.8%,  0.20%
62 ,3,1,   2.6%,  0.55%
62 ,3,2,   1.7%,  0.26%
62 ,3,3,   2.7%,  0.24%
62 ,3,4,   7.5%,  0.45%
62 ,3,5,  21.2%,  0.90%
62 ,3,6,  27.3%,  1.15%
62 ,3,7,  12.3%,  0.89%
62 ,3,8,  10.7%,  0.72%
62 ,3,9,   6.6%,  0.54%
62 ,3,10,   7.3%,  0.65%
62 ,4,1,   7.8%,  0.49%
62 ,4,2,  32.5%,  0.65%
62 ,4,3,  59.7%,  0.87%
62 ,5,1,   0.9%,  0.26%
62 ,5,2,   2.1%,  0.28%
62 ,5,3,   1.0%,  0.14%
62 ,5,4,  96.0%,  0.23%
62 ,6,1,   7.7%,  0.69%
62 ,6,2,   8.6%,  0.47%
62 ,6,3,  83.7%,  0.88%
62 ,7,1,   5.3%,  0.57%
62 ,7,2,  49.7%,  0.57%
62 ,7,3,  44.9%,  0.86%
62 ,8,1,   7.3%,  0.37%
62 ,8,2,  15.3%,  0.91%
62 ,8,3,  77.4%,  1.00%
62 ,9,1,   2.9%,  0.38%
62 ,9,2,   2.7%,  0.50%
62 ,9,3,  35.1%,  1.36%
62 ,9,4,  59.3%,  1.53%
62 ,10,1,  33.5%,  0.91%
62 ,10,2,   8.0%,  0.62%
62 ,10,3,  17.4%,  0.78%
62 ,10,4,   4.2%,  0.32%
62 ,10,5,   5.8%,  0.51%
62 ,10,6,  12.7%,  0.68%
62 ,10,7,  60.8%,  1.17%
62 ,11,1,   8.6%,  0.70%
62 ,11,2,  15.7%,  0.84%
62 ,11,3,   2.2%,  0.21%
62 ,11,4,  13.7%,  0.40%
62 ,11,5,  33.1%,  0.73%
62 ,11,6,  18.8%,  0.82%
62 ,11,7,  14.1%,  0.87%
62 ,11,8,  47.1%,  1.03%
62 ,12,1,   1.7%,  0.28%
62 ,12,2,   5.2%,  0.55%
62 ,12,3,  29.2%,  0.87%
62 ,12,4,  52.5%,  1.31%
62 ,12,5,  11.4%,  0.72%
62 ,13,1,   4.5%,  0.38%
62 ,13,2,   9.2%,  0.68%
62 ,13,3,  18.1%,  0.95%
62 ,13,4,  32.2%,  0.90%
62 ,13,5,  22.0%,  1.01%
62 ,13,6,   1.7%,  0.16%
62 ,13,7,  12.3%,  0.69%
62 ,14,1,   2.9%,  0.37%
62 ,14,2,  97.1%,  0.37%
62 ,15,1,   8.8%,  0.67%
62 ,15,2,  91.2%,  0.67%
62 ,16,1,  85.1%,  0.87%
62 ,16,2,  36.8%,  1.20%
62 ,16,3,  20.4%,  0.99%
62 ,16,4,   0.9%,  0.18%
62 ,16,5,   1.9%,  0.15%
62 ,16,6,   6.9%,  0.69%
62 ,16,7,   0.5%,  0.09%
62 ,16,8,  10.4%,  0.52%
62 ,16,9,  11.5%,  0.47%
62 ,16,10,   6.6%,  0.43%
62 ,16,11,  12.3%,  0.67%
62 ,16,12,   2.9%,  0.39%
62 ,16,13,   5.3%,  0.37%
62 ,16,14,   9.9%,  0.75%
62 ,17,1,  84.3%,  0.82%
62 ,17,2,  31.3%,  0.88%
62 ,17,3,  12.1%,  0.94%
62 ,17,4,   0.3%,  0.10%
62 ,17,5,   1.4%,  0.20%
62 ,17,6,   5.8%,  0.46%
62 ,17,7,   0.5%,  0.14%
62 ,17,8,  14.5%,  0.67%
62 ,17,9,  10.8%,  0.93%
62 ,18,1,  26.2%,  0.97%
62 ,18,2,  22.5%,  1.01%
62 ,18,3,  51.4%,  1.06%
62 ,19,1,  23.9%,  0.66%
62 ,19,2,  15.9%,  0.93%
62 ,19,3,   8.3%,  0.86%
62 ,19,4,  27.8%,  1.13%
62 ,19,5,  22.9%,  0.89%
62 ,19,6,  26.6%,  0.83%
62 ,19,7,   3.0%,  0.33%
62 ,19,8,  34.4%,  0.83%
62 ,20,1,   0.8%,  0.17%
62 ,20,2,   4.5%,  0.52%
62 ,20,3,  17.3%,  0.80%
62 ,20,4,  50.5%,  0.71%
62 ,20,5,   6.7%,  0.58%
62 ,20,6,   1.2%,  0.26%
62 ,20,7,   6.9%,  0.37%
62 ,20,8,  12.0%,  0.61%
71 ,2,1,  59.6%,  1.73%
71 ,2,2,  27.1%,  1.84%
71 ,2,3,   9.6%,  1.48%
71 ,2,4,   2.2%,  0.65%
71 ,2,5,   1.5%,  0.41%
71 ,3,1,  18.0%,  1.24%
71 ,3,2,   6.3%,  0.83%
71 ,3,3,   6.0%,  0.84%
71 ,3,4,  15.0%,  1.41%
71 ,3,5,  15.2%,  1.06%
71 ,3,6,  15.0%,  1.45%
71 ,3,7,   6.1%,  0.91%
71 ,3,8,   8.1%,  0.86%
71 ,3,9,   4.3%,  0.85%
71 ,3,10,   6.0%,  1.22%
71 ,4,1,   8.6%,  1.34%
71 ,4,2,  30.7%,  1.27%
71 ,4,3,  60.7%,  1.93%
71 ,5,1,   2.6%,  0.67%
71 ,5,2,   4.0%,  0.78%
71 ,5,3,   1.6%,  0.63%
71 ,5,4,  91.8%,  1.70%
71 ,6,1,   4.4%,  0.52%
71 ,6,2,   9.7%,  0.73%
71 ,6,3,  85.9%,  0.98%
71 ,7,1,   5.4%,  0.65%
71 ,7,2,  49.0%,  1.86%
71 ,7,3,  45.6%,  1.69%
71 ,8,1,   6.4%,  0.70%
71 ,8,2,  15.5%,  1.85%
71 ,8,3,  78.1%,  2.14%
71 ,9,1,   1.6%,  0.36%
71 ,9,2,   3.0%,  0.83%
71 ,9,3,  46.1%,  1.18%
71 ,9,4,  49.3%,  1.15%
71 ,10,1,  12.1%,  1.24%
71 ,10,2,   2.0%,  0.46%
71 ,10,3,   4.6%,  0.50%
71 ,10,4,   0.6%,  0.19%
71 ,10,5,   3.9%,  0.71%
71 ,10,6,   6.4%,  1.14%
71 ,10,7,  82.4%,  1.66%
71 ,11,1,   9.6%,  0.81%
71 ,11,2,  10.7%,  0.88%
71 ,11,3,   2.7%,  0.53%
71 ,11,4,  10.2%,  0.96%
71 ,11,5,  31.2%,  1.24%
71 ,11,6,   3.2%,  0.38%
71 ,11,7,   5.0%,  0.81%
71 ,11,8,  57.3%,  0.95%
71 ,12,1,   1.1%,  0.35%
71 ,12,2,   1.8%,  0.38%
71 ,12,3,  22.9%,  1.57%
71 ,12,4,  25.6%,  1.02%
71 ,12,5,  48.6%,  2.01%
71 ,13,1,   4.3%,  0.66%
71 ,13,2,   3.8%,  0.58%
71 ,13,3,   8.5%,  1.29%
71 ,13,4,  23.2%,  1.60%
71 ,13,5,  39.8%,  1.65%
71 ,13,6,   4.6%,  0.61%
71 ,13,7,  15.8%,  1.29%
71 ,14,1,   3.1%,  0.86%
71 ,14,2,  96.9%,  0.86%
71 ,15,1,  11.9%,  1.19%
71 ,15,2,  88.1%,  1.19%
71 ,16,1,  66.0%,  1.66%
71 ,16,2,  25.3%,  1.79%
71 ,16,3,  13.6%,  0.91%
71 ,16,4,   1.1%,  0.31%
71 ,16,5,   1.1%,  0.57%
71 ,16,6,   3.1%,  0.94%
71 ,16,7,   3.3%,  0.47%
71 ,16,8,   3.9%,  0.76%
71 ,16,9,  17.8%,  1.50%
71 ,16,10,   7.8%,  0.98%
71 ,16,11,  12.4%,  1.47%
71 ,16,12,   5.9%,  1.33%
71 ,16,13,   9.9%,  0.83%
71 ,16,14,  23.2%,  1.78%
71 ,17,1,  65.1%,  1.52%
71 ,17,2,  22.1%,  1.56%
71 ,17,3,   8.9%,  0.62%
71 ,17,4,   0.4%,  0.18%
71 ,17,5,   1.0%,  0.36%
71 ,17,6,   3.0%,  0.93%
71 ,17,7,   2.4%,  0.34%
71 ,17,8,   2.8%,  0.69%
71 ,17,9,  28.5%,  1.48%
71 ,18,1,  33.0%,  1.57%
71 ,18,2,  27.5%,  1.92%
71 ,18,3,  39.5%,  1.59%
71 ,19,1,  32.6%,  1.36%
71 ,19,2,   5.5%,  1.13%
71 ,19,3,  16.1%,  1.07%
71 ,19,4,  30.2%,  1.61%
71 ,19,5,  19.2%,  1.41%
71 ,19,6,  15.0%,  1.28%
71 ,19,7,   7.0%,  0.38%
71 ,19,8,  35.4%,  1.14%
71 ,20,1,   1.0%,  0.43%
71 ,20,2,   2.5%,  0.54%
71 ,20,3,  10.9%,  1.16%
71 ,20,4,  60.8%,  2.02%
71 ,20,5,  10.8%,  1.23%
71 ,20,6,   2.1%,  0.55%
71 ,20,7,   6.8%,  1.18%
71 ,20,8,   5.2%,  0.60%
72 ,2,1,  63.7%,  0.89%
72 ,2,2,  26.1%,  0.83%
72 ,2,3,   5.0%,  0.41%
72 ,2,4,   3.5%,  0.46%
72 ,2,5,   1.6%,  0.34%
72 ,3,1,   8.7%,  0.59%
72 ,3,2,   1.4%,  0.14%
72 ,3,3,   1.3%,  0.32%
72 ,3,4,   6.9%,  0.75%
72 ,3,5,  23.0%,  1.05%
72 ,3,6,  26.8%,  0.98%
72 ,3,7,  14.8%,  0.78%
72 ,3,8,  10.9%,  0.60%
72 ,3,9,   2.7%,  0.41%
72 ,3,10,   3.5%,  0.45%
72 ,4,1,  11.7%,  0.63%
72 ,4,2,  42.9%,  1.14%
72 ,4,3,  45.5%,  1.22%
72 ,5,1,   2.1%,  0.34%
72 ,5,2,   3.6%,  0.39%
72 ,5,3,   1.6%,  0.40%
72 ,5,4,  92.7%,  0.68%
72 ,6,1,   7.8%,  0.55%
72 ,6,2,  17.2%,  1.03%
72 ,6,3,  74.9%,  1.34%
72 ,7,1,  11.0%,  0.65%
72 ,7,2,  64.1%,  0.88%
72 ,7,3,  24.9%,  1.01%
72 ,8,1,   9.8%,  0.49%
72 ,8,2,  23.0%,  1.26%
72 ,8,3,  67.2%,  1.52%
72 ,9,1,   0.5%,  0.14%
72 ,9,2,   2.8%,  0.46%
72 ,9,3,  18.2%,  1.05%
72 ,9,4,  78.5%,  0.87%
72 ,10,1,  26.3%,  1.13%
72 ,10,2,   4.4%,  0.38%
72 ,10,3,  11.0%,  1.14%
72 ,10,4,   2.0%,  0.28%
72 ,10,5,   4.0%,  0.40%
72 ,10,6,   8.6%,  0.55%
72 ,10,7,  68.8%,  1.29%
72 ,11,1,  17.2%,  0.60%
72 ,11,2,  21.4%,  1.00%
72 ,11,3,   1.0%,  0.19%
72 ,11,4,  16.6%,  0.82%
72 ,11,5,  40.4%,  0.90%
72 ,11,6,   7.2%,  0.79%
72 ,11,7,  10.8%,  0.93%
72 ,11,8,  42.5%,  1.13%
72 ,12,1,   1.0%,  0.30%
72 ,12,2,   3.9%,  0.44%
72 ,12,3,  16.8%,  1.12%
72 ,12,4,  34.8%,  0.74%
72 ,12,5,  43.5%,  0.96%
72 ,13,1,   6.8%,  0.45%
72 ,13,2,  10.4%,  0.99%
72 ,13,3,  14.0%,  1.01%
72 ,13,4,  24.0%,  0.90%
72 ,13,5,  23.3%,  0.70%
72 ,13,6,   6.5%,  0.28%
72 ,13,7,  14.9%,  1.10%
72 ,14,1,   8.0%,  0.85%
72 ,14,2,  92.0%,  0.85%
72 ,15,1,  24.2%,  0.74%
72 ,15,2,  75.8%,  0.74%
72 ,16,1,  84.2%,  0.83%
72 ,16,2,  43.2%,  1.43%
72 ,16,3,  21.0%,  0.80%
72 ,16,4,   1.7%,  0.29%
72 ,16,5,   1.9%,  0.35%
72 ,16,6,   3.5%,  0.44%
72 ,16,7,   2.2%,  0.37%
72 ,16,8,   0.8%,  0.34%
72 ,16,9,  13.5%,  0.51%
72 ,16,10,  10.9%,  0.66%
72 ,16,11,  17.4%,  0.93%
72 ,16,12,   7.8%,  0.72%
72 ,16,13,   4.9%,  0.38%
72 ,16,14,   7.9%,  0.48%
72 ,17,1,  82.7%,  0.65%
72 ,17,2,  36.8%,  0.75%
72 ,17,3,  14.9%,  0.64%
72 ,17,4,   0.5%,  0.12%
72 ,17,5,   1.2%,  0.27%
72 ,17,6,   3.1%,  0.38%
72 ,17,7,   1.7%,  0.29%
72 ,17,8,   1.0%,  0.18%
72 ,17,9,  12.0%,  0.61%
72 ,18,1,  38.2%,  1.57%
72 ,18,2,  28.0%,  0.89%
72 ,18,3,  33.9%,  1.55%
72 ,19,1,  41.0%,  1.41%
72 ,19,2,  10.5%,  0.59%
72 ,19,3,  19.3%,  1.45%
72 ,19,4,  37.9%,  1.00%
72 ,19,5,  21.7%,  1.07%
72 ,19,6,  29.7%,  1.43%
72 ,19,7,   9.1%,  0.72%
72 ,19,8,  22.6%,  0.93%
72 ,20,1,   0.6%,  0.22%
72 ,20,2,   3.3%,  0.38%
72 ,20,3,  11.6%,  0.95%
72 ,20,4,  62.6%,  1.40%
72 ,20,5,  11.0%,  0.88%
72 ,20,6,   2.8%,  0.31%
72 ,20,7,   3.8%,  0.58%
72 ,20,8,   4.3%,  0.66%
81 ,2,1,  40.6%,  1.21%
81 ,2,2,  40.4%,  1.31%
81 ,2,3,  13.8%,  0.73%
81 ,2,4,   3.3%,  0.32%
81 ,2,5,   1.9%,  0.26%
81 ,3,1,   4.4%,  0.74%
81 ,3,2,   3.0%,  0.37%
81 ,3,3,   4.1%,  0.57%
81 ,3,4,  13.7%,  0.89%
81 ,3,5,  29.1%,  0.81%
81 ,3,6,  27.8%,  1.01%
81 ,3,7,   7.8%,  0.72%
81 ,3,8,   3.6%,  0.42%
81 ,3,9,   1.6%,  0.28%
81 ,3,10,   4.9%,  0.55%
81 ,4,1,   8.7%,  0.65%
81 ,4,2,  38.7%,  1.38%
81 ,4,3,  52.6%,  1.30%
81 ,5,1,   3.1%,  0.60%
81 ,5,2,   1.6%,  0.20%
81 ,5,3,   1.5%,  0.27%
81 ,5,4,  93.7%,  0.61%
81 ,6,1,   4.5%,  0.66%
81 ,6,2,  10.5%,  0.54%
81 ,6,3,  85.0%,  0.92%
81 ,7,1,   6.0%,  0.66%
81 ,7,2,  46.7%,  1.24%
81 ,7,3,  47.3%,  1.04%
81 ,8,1,   5.1%,  0.49%
81 ,8,2,  21.0%,  0.59%
81 ,8,3,  73.9%,  0.58%
81 ,9,1,   0.9%,  0.28%
81 ,9,2,   2.4%,  0.45%
81 ,9,3,  19.3%,  1.24%
81 ,9,4,  77.4%,  1.58%
81 ,10,1,  34.3%,  1.19%
81 ,10,2,  10.8%,  0.81%
81 ,10,3,  14.2%,  0.76%
81 ,10,4,   4.5%,  0.41%
81 ,10,5,   9.6%,  0.62%
81 ,10,6,  17.2%,  1.07%
81 ,10,7,  58.8%,  0.90%
81 ,11,1,   8.1%,  0.68%
81 ,11,2,  12.1%,  0.73%
81 ,11,3,   1.2%,  0.32%
81 ,11,4,  10.3%,  0.78%
81 ,11,5,  19.8%,  0.98%
81 ,11,6,   5.5%,  0.58%
81 ,11,7,  15.2%,  1.16%
81 ,11,8,  59.1%,  1.15%
81 ,12,1,   0.8%,  0.18%
81 ,12,2,   4.2%,  0.41%
81 ,12,3,  34.8%,  0.86%
81 ,12,4,  38.5%,  1.12%
81 ,12,5,  21.7%,  0.92%
81 ,13,1,   8.4%,  0.89%
81 ,13,2,  11.0%,  0.40%
81 ,13,3,  16.1%,  0.93%
81 ,13,4,  25.0%,  1.59%
81 ,13,5,  21.0%,  0.86%
81 ,13,6,   5.2%,  0.52%
81 ,13,7,  13.4%,  0.81%
81 ,14,1,   4.4%,  0.51%
81 ,14,2,  95.6%,  0.51%
81 ,15,1,  17.3%,  0.83%
81 ,15,2,  82.7%,  0.83%
81 ,16,1,  81.5%,  0.56%
81 ,16,2,  35.6%,  0.83%
81 ,16,3,  20.2%,  1.04%
81 ,16,4,   0.8%,  0.23%
81 ,16,5,   1.2%,  0.20%
81 ,16,6,   1.7%,  0.24%
81 ,16,8,   1.2%,  0.25%
81 ,16,9,   8.7%,  0.61%
81 ,16,10,   6.4%,  0.58%
81 ,16,11,  13.5%,  0.27%
81 ,16,12,   5.8%,  0.51%
81 ,16,13,   3.1%,  0.37%
81 ,16,14,  10.9%,  0.57%
81 ,17,1,  80.0%,  0.80%
81 ,17,2,  30.7%,  1.03%
81 ,17,3,  12.2%,  0.81%
81 ,17,4,   0.6%,  0.17%
81 ,17,5,   0.8%,  0.20%
81 ,17,6,   1.5%,  0.26%
81 ,17,7,   0.2%,  0.09%
81 ,17,8,   0.8%,  0.22%
81 ,17,9,  14.9%,  0.68%
81 ,18,1,  11.5%,  0.63%
81 ,18,2,  26.9%,  1.57%
81 ,18,3,  61.6%,  1.57%
81 ,19,1,  29.8%,  1.51%
81 ,19,2,  11.1%,  1.09%
81 ,19,3,   8.5%,  0.85%
81 ,19,4,  29.6%,  1.13%
81 ,19,5,  13.6%,  0.68%
81 ,19,6,  20.4%,  1.12%
81 ,19,7,   6.5%,  0.71%
81 ,19,8,  34.6%,  0.84%
81 ,20,1,   1.2%,  0.30%
81 ,20,2,   3.4%,  0.43%
81 ,20,3,  13.4%,  0.86%
81 ,20,4,  49.3%,  1.31%
81 ,20,5,   9.7%,  0.47%
81 ,20,6,   2.1%,  0.60%
81 ,20,7,  11.3%,  0.57%
81 ,20,8,   9.6%,  0.62%